<annotation>
	<folder>intersection</folder>
	<filename>119d60b0-ccaf-11ea-9e7d-16f63a1aa8c9.jpg</filename>
	<path>C:\Users\wangh_qx6\Desktop\windows_v1.8.0\intersection\119d60b0-ccaf-11ea-9e7d-16f63a1aa8c9.jpg</path>
	<source>
		<database>Unknown</database>
	</source>
	<size>
		<width>224</width>
		<height>224</height>
		<depth>3</depth>
	</size>
	<segmented>0</segmented>
	<object>
		<name>intersection</name>
		<pose>Unspecified</pose>
		<truncated>0</truncated>
		<difficult>0</difficult>
		<bndbox>
			<xmin>87</xmin>
			<ymin>5</ymin>
			<xmax>138</xmax>
			<ymax>67</ymax>
		</bndbox>
	</object>
</annotation>
