<annotation>
	<folder>Intersection</folder>
	<filename>4187a55c-c8a3-11ea-a98d-16f63a1aa8c9.jpg</filename>
	<path>C:\Users\wangh_qx6\Desktop\Street_Signs_A\Intersection\4187a55c-c8a3-11ea-a98d-16f63a1aa8c9.jpg</path>
	<source>
		<database>Unknown</database>
	</source>
	<size>
		<width>224</width>
		<height>224</height>
		<depth>3</depth>
	</size>
	<segmented>0</segmented>
	<object>
		<name>intersection</name>
		<pose>Unspecified</pose>
		<truncated>0</truncated>
		<difficult>0</difficult>
		<bndbox>
			<xmin>120</xmin>
			<ymin>73</ymin>
			<xmax>158</xmax>
			<ymax>138</ymax>
		</bndbox>
	</object>
</annotation>
