<annotation>
	<folder>intersection</folder>
	<filename>447be95c-ccaf-11ea-9e7d-16f63a1aa8c9.jpg</filename>
	<path>C:\Users\wangh_qx6\Desktop\windows_v1.8.0\intersection\447be95c-ccaf-11ea-9e7d-16f63a1aa8c9.jpg</path>
	<source>
		<database>Unknown</database>
	</source>
	<size>
		<width>224</width>
		<height>224</height>
		<depth>3</depth>
	</size>
	<segmented>0</segmented>
	<object>
		<name>intersection</name>
		<pose>Unspecified</pose>
		<truncated>0</truncated>
		<difficult>0</difficult>
		<bndbox>
			<xmin>37</xmin>
			<ymin>31</ymin>
			<xmax>70</xmax>
			<ymax>73</ymax>
		</bndbox>
	</object>
</annotation>
