<annotation>
	<folder>Intersection</folder>
	<filename>51d06db6-c7d3-11ea-9f12-16f63a1aa8c9.jpg</filename>
	<path>C:\Users\wangh_qx6\Desktop\Street_Signs_A\Intersection\51d06db6-c7d3-11ea-9f12-16f63a1aa8c9.jpg</path>
	<source>
		<database>Unknown</database>
	</source>
	<size>
		<width>224</width>
		<height>224</height>
		<depth>3</depth>
	</size>
	<segmented>0</segmented>
	<object>
		<name>intersection</name>
		<pose>Unspecified</pose>
		<truncated>0</truncated>
		<difficult>0</difficult>
		<bndbox>
			<xmin>113</xmin>
			<ymin>15</ymin>
			<xmax>216</xmax>
			<ymax>205</ymax>
		</bndbox>
	</object>
</annotation>
