<annotation>
	<folder>Intersection</folder>
	<filename>52e8b49c-c7d3-11ea-9f12-16f63a1aa8c9.jpg</filename>
	<path>C:\Users\wangh_qx6\Desktop\Street_Signs_A\Intersection\52e8b49c-c7d3-11ea-9f12-16f63a1aa8c9.jpg</path>
	<source>
		<database>Unknown</database>
	</source>
	<size>
		<width>224</width>
		<height>224</height>
		<depth>3</depth>
	</size>
	<segmented>0</segmented>
	<object>
		<name>intersection</name>
		<pose>Unspecified</pose>
		<truncated>0</truncated>
		<difficult>0</difficult>
		<bndbox>
			<xmin>6</xmin>
			<ymin>20</ymin>
			<xmax>99</xmax>
			<ymax>204</ymax>
		</bndbox>
	</object>
</annotation>
