<annotation>
	<folder>intersection</folder>
	<filename>540d0848-b50c-11ea-8dca-667196321cb1.jpg</filename>
	<path>C:\Users\wangh_qx6\PycharmProjects\Object_detection\Images\Train\intersection\540d0848-b50c-11ea-8dca-667196321cb1.jpg</path>
	<source>
		<database>Unknown</database>
	</source>
	<size>
		<width>224</width>
		<height>224</height>
		<depth>3</depth>
	</size>
	<segmented>0</segmented>
	<object>
		<name>intersection</name>
		<pose>Unspecified</pose>
		<truncated>0</truncated>
		<difficult>0</difficult>
		<bndbox>
			<xmin>120</xmin>
			<ymin>48</ymin>
			<xmax>141</xmax>
			<ymax>74</ymax>
		</bndbox>
	</object>
</annotation>
