<annotation>
	<folder>Intersection</folder>
	<filename>5442776c-c8a3-11ea-a98d-16f63a1aa8c9.jpg</filename>
	<path>C:\Users\wangh_qx6\Desktop\Street_Signs_A\Intersection\5442776c-c8a3-11ea-a98d-16f63a1aa8c9.jpg</path>
	<source>
		<database>Unknown</database>
	</source>
	<size>
		<width>224</width>
		<height>224</height>
		<depth>3</depth>
	</size>
	<segmented>0</segmented>
	<object>
		<name>intersection</name>
		<pose>Unspecified</pose>
		<truncated>0</truncated>
		<difficult>0</difficult>
		<bndbox>
			<xmin>104</xmin>
			<ymin>81</ymin>
			<xmax>134</xmax>
			<ymax>127</ymax>
		</bndbox>
	</object>
</annotation>
