<annotation>
	<folder>intersection</folder>
	<filename>7e2a99de-b529-11ea-9026-667196321cb1.jpg</filename>
	<path>C:\Users\wangh_qx6\PycharmProjects\Object_detection\Images\Train\intersection\7e2a99de-b529-11ea-9026-667196321cb1.jpg</path>
	<source>
		<database>Unknown</database>
	</source>
	<size>
		<width>224</width>
		<height>224</height>
		<depth>3</depth>
	</size>
	<segmented>0</segmented>
	<object>
		<name>intersection</name>
		<pose>Unspecified</pose>
		<truncated>1</truncated>
		<difficult>0</difficult>
		<bndbox>
			<xmin>70</xmin>
			<ymin>1</ymin>
			<xmax>101</xmax>
			<ymax>42</ymax>
		</bndbox>
	</object>
</annotation>
