<annotation>
	<folder>Intersection</folder>
	<filename>8ec703ae-caff-11ea-a12d-16f63a1aa8c9.jpg</filename>
	<path>C:\Users\wangh_qx6\Desktop\Street_Signs_A\Intersection\8ec703ae-caff-11ea-a12d-16f63a1aa8c9.jpg</path>
	<source>
		<database>Unknown</database>
	</source>
	<size>
		<width>224</width>
		<height>224</height>
		<depth>3</depth>
	</size>
	<segmented>0</segmented>
	<object>
		<name>intersection</name>
		<pose>Unspecified</pose>
		<truncated>0</truncated>
		<difficult>0</difficult>
		<bndbox>
			<xmin>175</xmin>
			<ymin>73</ymin>
			<xmax>216</xmax>
			<ymax>149</ymax>
		</bndbox>
	</object>
</annotation>
