<annotation>
	<folder>Intersection</folder>
	<filename>90fe01a4-caff-11ea-a12d-16f63a1aa8c9.jpg</filename>
	<path>C:\Users\wangh_qx6\Desktop\Street_Signs_A\Intersection\90fe01a4-caff-11ea-a12d-16f63a1aa8c9.jpg</path>
	<source>
		<database>Unknown</database>
	</source>
	<size>
		<width>224</width>
		<height>224</height>
		<depth>3</depth>
	</size>
	<segmented>0</segmented>
	<object>
		<name>intersection</name>
		<pose>Unspecified</pose>
		<truncated>0</truncated>
		<difficult>0</difficult>
		<bndbox>
			<xmin>94</xmin>
			<ymin>60</ymin>
			<xmax>151</xmax>
			<ymax>165</ymax>
		</bndbox>
	</object>
</annotation>
