<annotation>
	<folder>Intersection</folder>
	<filename>937404a2-470a-11ea-9443-667196321cb1.jpg</filename>
	<path>C:\Users\wangh_qx6\Desktop\Street_Signs_A\Intersection\937404a2-470a-11ea-9443-667196321cb1.jpg</path>
	<source>
		<database>Unknown</database>
	</source>
	<size>
		<width>224</width>
		<height>224</height>
		<depth>3</depth>
	</size>
	<segmented>0</segmented>
	<object>
		<name>intersection</name>
		<pose>Unspecified</pose>
		<truncated>0</truncated>
		<difficult>0</difficult>
		<bndbox>
			<xmin>86</xmin>
			<ymin>33</ymin>
			<xmax>192</xmax>
			<ymax>222</ymax>
		</bndbox>
	</object>
</annotation>
