<annotation>
	<folder>intersection</folder>
	<filename>cf0d985a-ccae-11ea-9e7d-16f63a1aa8c9.jpg</filename>
	<path>C:\Users\wangh_qx6\Desktop\windows_v1.8.0\intersection\cf0d985a-ccae-11ea-9e7d-16f63a1aa8c9.jpg</path>
	<source>
		<database>Unknown</database>
	</source>
	<size>
		<width>224</width>
		<height>224</height>
		<depth>3</depth>
	</size>
	<segmented>0</segmented>
	<object>
		<name>intersection</name>
		<pose>Unspecified</pose>
		<truncated>0</truncated>
		<difficult>0</difficult>
		<bndbox>
			<xmin>15</xmin>
			<ymin>21</ymin>
			<xmax>51</xmax>
			<ymax>79</ymax>
		</bndbox>
	</object>
</annotation>
