<annotation>
	<folder>intersection</folder>
	<filename>d142e804-b52b-11ea-b019-667196321cb1.jpg</filename>
	<path>C:\Users\wangh_qx6\PycharmProjects\Object_detection\Images\Train\intersection\d142e804-b52b-11ea-b019-667196321cb1.jpg</path>
	<source>
		<database>Unknown</database>
	</source>
	<size>
		<width>224</width>
		<height>224</height>
		<depth>3</depth>
	</size>
	<segmented>0</segmented>
	<object>
		<name>intersection</name>
		<pose>Unspecified</pose>
		<truncated>0</truncated>
		<difficult>0</difficult>
		<bndbox>
			<xmin>84</xmin>
			<ymin>4</ymin>
			<xmax>107</xmax>
			<ymax>44</ymax>
		</bndbox>
	</object>
</annotation>
