<annotation>
	<folder>one_way</folder>
	<filename>09b78e6e-ccbb-11ea-8c08-16f63a1aa8c9.jpg</filename>
	<path>C:\Users\wangh_qx6\Desktop\self-driving\Images\Train\one_way\09b78e6e-ccbb-11ea-8c08-16f63a1aa8c9.jpg</path>
	<source>
		<database>Unknown</database>
	</source>
	<size>
		<width>224</width>
		<height>224</height>
		<depth>3</depth>
	</size>
	<segmented>0</segmented>
	<object>
		<name>oneway</name>
		<pose>Unspecified</pose>
		<truncated>0</truncated>
		<difficult>0</difficult>
		<bndbox>
			<xmin>83</xmin>
			<ymin>27</ymin>
			<xmax>108</xmax>
			<ymax>74</ymax>
		</bndbox>
	</object>
</annotation>
