<annotation>
	<folder>one_way</folder>
	<filename>19047860-b52c-11ea-b019-667196321cb1.jpg</filename>
	<path>C:\Users\wangh_qx6\Desktop\self-driving\Images\Train\one_way\19047860-b52c-11ea-b019-667196321cb1.jpg</path>
	<source>
		<database>Unknown</database>
	</source>
	<size>
		<width>224</width>
		<height>224</height>
		<depth>3</depth>
	</size>
	<segmented>0</segmented>
	<object>
		<name>oneway</name>
		<pose>Unspecified</pose>
		<truncated>0</truncated>
		<difficult>0</difficult>
		<bndbox>
			<xmin>125</xmin>
			<ymin>3</ymin>
			<xmax>146</xmax>
			<ymax>45</ymax>
		</bndbox>
	</object>
</annotation>
