<annotation>
	<folder>one_way</folder>
	<filename>1b8ddf90-b52c-11ea-b019-667196321cb1.jpg</filename>
	<path>C:\Users\wangh_qx6\Desktop\self-driving\Images\Train\one_way\1b8ddf90-b52c-11ea-b019-667196321cb1.jpg</path>
	<source>
		<database>Unknown</database>
	</source>
	<size>
		<width>224</width>
		<height>224</height>
		<depth>3</depth>
	</size>
	<segmented>0</segmented>
	<object>
		<name>oneway</name>
		<pose>Unspecified</pose>
		<truncated>0</truncated>
		<difficult>0</difficult>
		<bndbox>
			<xmin>82</xmin>
			<ymin>2</ymin>
			<xmax>101</xmax>
			<ymax>45</ymax>
		</bndbox>
	</object>
</annotation>
