<annotation>
	<folder>One Way</folder>
	<filename>23de1fb4-c8a2-11ea-a98d-16f63a1aa8c9.jpg</filename>
	<path>C:\Users\wangh_qx6\Desktop\self-driving\Images\One Way\23de1fb4-c8a2-11ea-a98d-16f63a1aa8c9.jpg</path>
	<source>
		<database>Unknown</database>
	</source>
	<size>
		<width>224</width>
		<height>224</height>
		<depth>3</depth>
	</size>
	<segmented>0</segmented>
	<object>
		<name>oneway</name>
		<pose>Unspecified</pose>
		<truncated>0</truncated>
		<difficult>0</difficult>
		<bndbox>
			<xmin>149</xmin>
			<ymin>83</ymin>
			<xmax>173</xmax>
			<ymax>140</ymax>
		</bndbox>
	</object>
</annotation>
