<annotation>
	<folder>one_way</folder>
	<filename>257aa1e0-ccbb-11ea-8c08-16f63a1aa8c9.jpg</filename>
	<path>C:\Users\wangh_qx6\Desktop\self-driving\Images\Train\one_way\257aa1e0-ccbb-11ea-8c08-16f63a1aa8c9.jpg</path>
	<source>
		<database>Unknown</database>
	</source>
	<size>
		<width>224</width>
		<height>224</height>
		<depth>3</depth>
	</size>
	<segmented>0</segmented>
	<object>
		<name>oneway</name>
		<pose>Unspecified</pose>
		<truncated>0</truncated>
		<difficult>0</difficult>
		<bndbox>
			<xmin>162</xmin>
			<ymin>22</ymin>
			<xmax>198</xmax>
			<ymax>79</ymax>
		</bndbox>
	</object>
</annotation>
