<annotation>
	<folder>one_way</folder>
	<filename>2a57445e-b50d-11ea-8dca-667196321cb1.jpg</filename>
	<path>C:\Users\wangh_qx6\Desktop\self-driving\Images\Train\one_way\2a57445e-b50d-11ea-8dca-667196321cb1.jpg</path>
	<source>
		<database>Unknown</database>
	</source>
	<size>
		<width>224</width>
		<height>224</height>
		<depth>3</depth>
	</size>
	<segmented>0</segmented>
	<object>
		<name>oneway</name>
		<pose>Unspecified</pose>
		<truncated>0</truncated>
		<difficult>0</difficult>
		<bndbox>
			<xmin>100</xmin>
			<ymin>42</ymin>
			<xmax>123</xmax>
			<ymax>77</ymax>
		</bndbox>
	</object>
</annotation>
