<annotation>
	<folder>One Way</folder>
	<filename>31208d4a-470d-11ea-9443-667196321cb1.jpg</filename>
	<path>C:\Users\wangh_qx6\Desktop\self-driving\Images\One Way\31208d4a-470d-11ea-9443-667196321cb1.jpg</path>
	<source>
		<database>Unknown</database>
	</source>
	<size>
		<width>224</width>
		<height>224</height>
		<depth>3</depth>
	</size>
	<segmented>0</segmented>
	<object>
		<name>oneway</name>
		<pose>Unspecified</pose>
		<truncated>0</truncated>
		<difficult>0</difficult>
		<bndbox>
			<xmin>90</xmin>
			<ymin>53</ymin>
			<xmax>152</xmax>
			<ymax>196</ymax>
		</bndbox>
	</object>
</annotation>
