<annotation>
	<folder>No Left Turn</folder>
	<filename>1da2ad58-c8a3-11ea-a98d-16f63a1aa8c9.jpg</filename>
	<path>C:\Users\wangh_qx6\Desktop\self-driving\Images\No Left Turn\1da2ad58-c8a3-11ea-a98d-16f63a1aa8c9.jpg</path>
	<source>
		<database>Unknown</database>
	</source>
	<size>
		<width>224</width>
		<height>224</height>
		<depth>3</depth>
	</size>
	<segmented>0</segmented>
	<object>
		<name>noleftturn</name>
		<pose>Unspecified</pose>
		<truncated>0</truncated>
		<difficult>0</difficult>
		<bndbox>
			<xmin>68</xmin>
			<ymin>58</ymin>
			<xmax>122</xmax>
			<ymax>157</ymax>
		</bndbox>
	</object>
</annotation>
