<annotation>
	<folder>No Left Turn</folder>
	<filename>2766ef2a-c8a3-11ea-a98d-16f63a1aa8c9.jpg</filename>
	<path>C:\Users\wangh_qx6\Desktop\self-driving\Images\No Left Turn\2766ef2a-c8a3-11ea-a98d-16f63a1aa8c9.jpg</path>
	<source>
		<database>Unknown</database>
	</source>
	<size>
		<width>224</width>
		<height>224</height>
		<depth>3</depth>
	</size>
	<segmented>0</segmented>
	<object>
		<name>noleftturn</name>
		<pose>Unspecified</pose>
		<truncated>0</truncated>
		<difficult>0</difficult>
		<bndbox>
			<xmin>114</xmin>
			<ymin>50</ymin>
			<xmax>176</xmax>
			<ymax>166</ymax>
		</bndbox>
	</object>
</annotation>
