<annotation>
	<folder>no_left_turn</folder>
	<filename>4e214f1c-b529-11ea-9026-667196321cb1.jpg</filename>
	<path>C:\Users\wangh_qx6\Desktop\self-driving\Images\Train\no_left_turn\4e214f1c-b529-11ea-9026-667196321cb1.jpg</path>
	<source>
		<database>Unknown</database>
	</source>
	<size>
		<width>224</width>
		<height>224</height>
		<depth>3</depth>
	</size>
	<segmented>0</segmented>
	<object>
		<name>noleftturn</name>
		<pose>Unspecified</pose>
		<truncated>1</truncated>
		<difficult>0</difficult>
		<bndbox>
			<xmin>55</xmin>
			<ymin>1</ymin>
			<xmax>98</xmax>
			<ymax>56</ymax>
		</bndbox>
	</object>
</annotation>
