<annotation>
	<folder>no_left_turn</folder>
	<filename>6e74c8ba-ccb8-11ea-bf9e-16f63a1aa8c9.jpg</filename>
	<path>C:\Users\wangh_qx6\Desktop\self-driving\Images\Train\no_left_turn\6e74c8ba-ccb8-11ea-bf9e-16f63a1aa8c9.jpg</path>
	<source>
		<database>Unknown</database>
	</source>
	<size>
		<width>224</width>
		<height>224</height>
		<depth>3</depth>
	</size>
	<segmented>0</segmented>
	<object>
		<name>noleftturn</name>
		<pose>Unspecified</pose>
		<truncated>1</truncated>
		<difficult>0</difficult>
		<bndbox>
			<xmin>132</xmin>
			<ymin>1</ymin>
			<xmax>196</xmax>
			<ymax>71</ymax>
		</bndbox>
	</object>
</annotation>
