<annotation>
	<folder>no_left_turn</folder>
	<filename>724d1156-b50a-11ea-982a-667196321cb1.jpg</filename>
	<path>C:\Users\wangh_qx6\Desktop\self-driving\Images\Train\no_left_turn\724d1156-b50a-11ea-982a-667196321cb1.jpg</path>
	<source>
		<database>Unknown</database>
	</source>
	<size>
		<width>224</width>
		<height>224</height>
		<depth>3</depth>
	</size>
	<segmented>0</segmented>
	<object>
		<name>noleftturn</name>
		<pose>Unspecified</pose>
		<truncated>0</truncated>
		<difficult>0</difficult>
		<bndbox>
			<xmin>43</xmin>
			<ymin>30</ymin>
			<xmax>103</xmax>
			<ymax>92</ymax>
		</bndbox>
	</object>
</annotation>
