<annotation>
	<folder>no_left_turn</folder>
	<filename>8ebd388e-b514-11ea-a3e8-667196321cb1.jpg</filename>
	<path>C:\Users\wangh_qx6\Desktop\self-driving\Images\Train\no_left_turn\8ebd388e-b514-11ea-a3e8-667196321cb1.jpg</path>
	<source>
		<database>Unknown</database>
	</source>
	<size>
		<width>224</width>
		<height>224</height>
		<depth>3</depth>
	</size>
	<segmented>0</segmented>
	<object>
		<name>noleftturn</name>
		<pose>Unspecified</pose>
		<truncated>1</truncated>
		<difficult>0</difficult>
		<bndbox>
			<xmin>104</xmin>
			<ymin>1</ymin>
			<xmax>154</xmax>
			<ymax>71</ymax>
		</bndbox>
	</object>
</annotation>
