<annotation>
	<folder>No Left Turn</folder>
	<filename>a2a2e9be-c7d1-11ea-9f12-16f63a1aa8c9.jpg</filename>
	<path>C:\Users\wangh_qx6\Desktop\self-driving\Images\No Left Turn\a2a2e9be-c7d1-11ea-9f12-16f63a1aa8c9.jpg</path>
	<source>
		<database>Unknown</database>
	</source>
	<size>
		<width>224</width>
		<height>224</height>
		<depth>3</depth>
	</size>
	<segmented>0</segmented>
	<object>
		<name>noleftturn</name>
		<pose>Unspecified</pose>
		<truncated>0</truncated>
		<difficult>0</difficult>
		<bndbox>
			<xmin>102</xmin>
			<ymin>81</ymin>
			<xmax>136</xmax>
			<ymax>138</ymax>
		</bndbox>
	</object>
</annotation>
