<annotation>
	<folder>No Left Turn</folder>
	<filename>bb6e9cf0-470b-11ea-9443-667196321cb1.jpg</filename>
	<path>C:\Users\wangh_qx6\Desktop\self-driving\Images\No Left Turn\bb6e9cf0-470b-11ea-9443-667196321cb1.jpg</path>
	<source>
		<database>Unknown</database>
	</source>
	<size>
		<width>224</width>
		<height>224</height>
		<depth>3</depth>
	</size>
	<segmented>0</segmented>
	<object>
		<name>noleftturn</name>
		<pose>Unspecified</pose>
		<truncated>0</truncated>
		<difficult>0</difficult>
		<bndbox>
			<xmin>81</xmin>
			<ymin>42</ymin>
			<xmax>167</xmax>
			<ymax>197</ymax>
		</bndbox>
	</object>
</annotation>
