<annotation>
	<folder>no_left_turn</folder>
	<filename>e57e2308-ccb7-11ea-bf9e-16f63a1aa8c9.jpg</filename>
	<path>C:\Users\wangh_qx6\Desktop\self-driving\Images\Train\no_left_turn\e57e2308-ccb7-11ea-bf9e-16f63a1aa8c9.jpg</path>
	<source>
		<database>Unknown</database>
	</source>
	<size>
		<width>224</width>
		<height>224</height>
		<depth>3</depth>
	</size>
	<segmented>0</segmented>
	<object>
		<name>noleftturn</name>
		<pose>Unspecified</pose>
		<truncated>0</truncated>
		<difficult>0</difficult>
		<bndbox>
			<xmin>135</xmin>
			<ymin>30</ymin>
			<xmax>168</xmax>
			<ymax>69</ymax>
		</bndbox>
	</object>
</annotation>
